{
  "currentEnv": "ofilmSitEnv",
  "defaultCfg": {
    "appName": "美捷报",
    "isHybridApp": true,
    "hybridAppPlatform": "",
    "menuConfig": "defaultMenu",
    "tenantId": "156914750821761024",
    "smartBuyTenantId": "143616744011111111",
    "baseUrl": "https://172.16.7.193:9080/",
    "baseUrlCdp": "https://172.16.7.193:9080/",
    "smartBuyCdp": "https://jtest.midea.com:9040/",
    "baseUrlExpense": "https://172.16.7.193:9080/",
    "baseUrlDocker": "https://172.16.7.193:9080/",
    "baseUrlSdatt": "https://172.16.7.193:9080/",
    "invUrl": "https://jver.midea.com/",
    "baseUrlReport": "https://172.16.7.193:9080/",
    "baseUrlCar": "http://10.16.90.69:7004",
    "baseUrlPlane": "http://10.16.90.70:7005",
    "baseUrlActive": "https://172.16.7.193:9080/",
    "extModuleNameList": [
      "didi",
      "flight",
      "htHotel"
    ],
    "extModulePathList": [
      "com.midea.msd.businessCar",
      "com.midea.msd.newReimbursingTicket",
      "com.midea.msd.businessHotel"
    ],
    "multiLogin": [
      "vehicle-dd-web",
      "smart-buy-center-web"
    ],
    "suppliers": [
      "didi",
      "ht-hotel",
      "ctrip-hotel",
      "clyh-hotel",
      "meiya-flight",
      "yqf-flight",
      "clyh-flight"
    ],
    "meixin": {
      "passMAS": true,
      "ssoTokenName": "mideatest_sso_token",
      "masUrl": "https://newimtest.midea.com/",
      "identifier": "com.midea.msd.meijiebao"
    },
    "wechat": {
      "appid": "wx1deaa225db7d8ad5",
      "wechatScope": "snsapi_userinfo",
      "wechatAgentid": "1000004",
      "wechatState": "jiebao"
    },
    "packageCfg": {
      "theme": "defaultTheme",
      "releaseNote": "MSD",
      "isDebug": 1,
      "publish": {
        "meixin": {
          "packageName": "美捷报2.0",
          "version": "1.0.14",
          "build": 14
        },
        "meixinTest": {
          "packageName": "美捷报2.0",
          "version": "2.0.159",
          "build": 159
        },
        "meixinUat": {
          "packageName": "美捷报2.0UAT",
          "version": "2.0.98",
          "build": 98
        },
        "fengbao": {
          "packageName": "峰报2.0",
          "version": "1.0.6",
          "build": 6
        },
        "fengbaoTest": {
          "packageName": "峰报2.0",
          "version": "2.0.42",
          "build": 42
        },
        "ofilm": {
          "packageName": "欧菲管家",
          "version": "1.0.11",
          "build": 1021
        },
        "ofilmTest": {
          "packageName": "欧菲管家",
          "version": "1.0.91",
          "build": 1101
        },
        "yango": {
          "packageName": "美捷报",
          "version": "1.0.1",
          "build": 1
        }
      }
    }
  },
  "fengbaoTestEnvNoMas": {
    "appName": "峰报",
    "hybridAppPlatform": "meixin",
    "menuConfig": "inforeMenu",
    "identifier": "com.midea.msd.meijiebao",
    "baseUrl": "https://58.252.101.240:9080/",
    "baseUrlCdp": "https://58.252.101.240:9080/",
    "baseUrlExpense": "https://58.252.101.240:9080/",
    "baseUrlDocker": "https://58.252.101.240:9080/",
    "baseUrlSdatt": "https://58.252.101.240:9080/",
    "baseUrlCar": "https://58.252.101.240:9080/",
    "baseUrlPlane": "https://58.252.101.240:9080/",
    "baseUrlActive": "https://58.252.101.240:9080/",
    "baseUrlReport": "https://58.252.101.240:9080/",
    "tenantId": "143616744011111111",
    "passMAS": false,
    "ssoTokenName": "mideatest_sso_token",
    "masUrl": "https://imobile-test.infore.com:1443/",
    "extModuleNameList": [],
    "extModulePathList": [],
    "multiLogin": [],
    "suppliers": [
      "didi",
      "meiya-flight",
      "clyh-flight",
      "yqf-flight"
    ],
    "packageCfg": {
      "packageName": "峰报2.0",
      "publish": "fengbaoTest"
    }
  },
  "fengbaoEnv": {
    "appName": "峰报",
    "hybridAppPlatform": "meixin",
    "menuConfig": "inforeMenu",
    "identifier": "com.midea.msd.meijiebao",
    "baseUrl": "https://j.infore.com:9080/",
    "baseUrlCdp": "https://m.infore.com/mas-api/restful/mjbCdp/",
    "baseUrlExpense": "https://m.infore.com/mas-api/restful/mjbExpense/",
    "baseUrlDocker": "https://m.infore.com/mas-api/restful/mjbDocker/",
    "baseUrlSdatt": "https://m.infore.com/mas-api/restful/mjbSdatt/",
    "baseUrlCar": "https://m.infore.com/mas-api/restful/mjbCar/",
    "baseUrlPlane": "https://m.infore.com/mas-api/restful/mjbPlane/",
    "baseUrlActive": "https://m.infore.com/mas-api/restful/mjbActive/",
    "baseUrlReport": "https://m.infore.com/mas-api/restful/mjbReport/",
    "tenantId": "143616744011111111",
    "passMAS": true,
    "ssoTokenName": "midea_sso_token",
    "masUrl": "https://m.infore.com/",
    "extModuleNameList": [],
    "extModulePathList": [],
    "multiLogin": [],
    "suppliers": [
      "didi",
      "meiya-flight",
      "clyh-flight",
      "yqf-flight"
    ],
    "packageCfg": {
      "packageName": "峰报2.0",
      "publish": "fengbao"
    }
  },
  "fengbaoTestEnv": {
    "appName": "峰报",
    "hybridAppPlatform": "meixin",
    "menuConfig": "inforeMenu",
    "identifier": "com.midea.msd.meijiebao",
    "baseUrl": "https://58.252.101.240/",
    "baseUrlCdp": "https://imobile-test.infore.com:1443/mas-api/restful/mjbCdp/",
    "baseUrlExpense": "https://imobile-test.infore.com:1443/mas-api/restful/mjbExpense/",
    "baseUrlDocker": "https://imobile-test.infore.com:1443/mas-api/restful/mjbDocker/",
    "baseUrlSdatt": "https://imobile-test.infore.com:1443/mas-api/restful/mjbSdatt/",
    "baseUrlCar": "https://imobile-test.infore.com:1443/mas-api/restful/mjbCar/",
    "baseUrlPlane": "https://imobile-test.infore.com:1443/mas-api/restful/mjbPlane/",
    "baseUrlActive": "https://imobile-test.infore.com:1443/mas-api/restful/mjbActive/",
    "baseUrlReport": "https://imobile-test.infore.com:1443/mas-api/restful/mjbReport/",
    "tenantId": "143616744011111111",
    "passMAS": true,
    "ssoTokenName": "mideatest_sso_token",
    "masUrl": "https://imobile-test.infore.com:1443/",
    "extModuleNameList": [],
    "extModulePathList": [],
    "multiLogin": [],
    "suppliers": [
      "didi",
      "meiya-flight",
      "clyh-flight",
      "yqf-flight"
    ],
    "packageCfg": {
      "packageName": "峰报2.0",
      "publish": "fengbaoTest"
    }
  },
  "inforeDEVEnv": {
    "isHybridApp": false,
    "appName": "峰报",
    "subName": "(infore DEV环境)",
    "hybridAppPlatform": "",
    "menuConfig": "inforeMenu",
    "hasAdvancedSetting": true,
    "identifier": "",
    "extModuleNameList": [
      "didi",
      "flight",
      "htHotel",
      "szzc"
    ],
    "extModulePathList": [
      "com.midea.msd.myzsbusinessCar",
      "com.midea.msd.newReimbursingTicketVerify",
      "com.midea.msd.businessHotel",
      "https://www.zuche.com/"
    ],
    "baseUrl": "https://58.252.101.240:9080/",
    "baseUrlCdp": "https://58.252.101.240:9080/",
    "smartBuyCdp": "https://58.252.101.240:9080/",
    "baseUrlExpense": "https://58.252.101.240:9080/",
    "baseUrlDocker": "https://58.252.101.240:9080/",
    "baseUrlSdatt": "https://58.252.101.240:9080/",
    "baseUrlCar": "https://58.252.101.240:9080/",
    "baseUrlPlane": "https://58.252.101.240:9080/",
    "baseUrlActive": "https://58.252.101.240:9080/",
    "baseUrlReport": "https://58.252.101.240:9080/",
    "baseUrlSmartBuyPay": "https://58.252.101.240:9080/",
    "invUrl": "https://jver.midea.com/",
    "tenantId": "143616744011111111",
    "passMAS": false,
    "multiLogin": [],
    "suppliers": [
      "didi",
      "meiya-flight",
      "clyh-flight",
      "yqf-flight"
    ]
  },
  "meixinBaseSitEnv": {
    "isHybridApp": true,
    "subName": "(SIT环境)",
    "hybridAppPlatform": "meixinBase",
    "menuConfig": "devMenu",
    "unablePushMsg": [
      "ios"
    ],
    "hasAdvancedSetting": true,
    "identifier": "com.midea.msd.meijiebao.ofilm",
    "extModuleNameList": [
      "didi",
      "flight",
      "htHotel",
      "szzc"
    ],
    "extModulePathList": [
      "com.midea.msd.myzsbusinessCar",
      "com.midea.msd.newReimbursingTicketVerify",
      "com.midea.msd.businessHotel",
      "https://www.zuche.com/"
    ],
    "baseUrl": "https://10.17.149.36:9060/",
    "baseUrlCdp": "https://10.17.149.36:9060/",
    "smartBuyCdp": "https://10.17.149.36:9060/",
    "baseUrlExpense": "https://10.17.149.36:9060/",
    "baseUrlDocker": "https://10.17.149.36:9060/",
    "baseUrlSdatt": "https://10.17.149.36:9060/",
    "baseUrlCar": "https://10.17.149.36:9060/",
    "baseUrlPlane": "https://10.17.149.36:9060/",
    "baseUrlActive": "https://10.17.149.36:9060/",
    "baseUrlReport": "https://10.17.149.36:9060/",
    "baseUrlSmartBuyPay": "https://10.17.149.36:9060/",
    "invUrl": "https://jver.midea.com/",
    "tenantId": "156914750821761024",
    "passMAS": false,
    "multiLogin": [],
    "suppliers": [
      "didi",
      "ht-hotel",
      "ctrip-hotel",
      "clyh-hotel",
      "meiya-flight",
      "clyh-flight"
    ],
    "packageCfg": {
      "publish": "ofilmTest"
    }
  },
  "meixinBaseDevEnv": {
    "isHybridApp": false,
    "subName": "(DEV环境)",
    "hybridAppPlatform": "meixinBase",
    "menuConfig": "devMenu",
    "unablePushMsg": [
      "ios"
    ],
    "hasAdvancedSetting": true,
    "identifier": "com.midea.msd.meijiebao.ofilm",
    "extModuleNameList": [
      "didi",
      "flight",
      "htHotel",
      "szzc"
    ],
    "extModulePathList": [
      "com.midea.msd.myzsbusinessCar",
      "com.midea.msd.newReimbursingTicketVerify",
      "com.midea.msd.businessHotel",
      "https://www.zuche.com/"
    ],
    "baseUrl": "https://10.17.149.36:9060/",
    "baseUrlCdp": "https://10.17.149.36:9060/",
    "smartBuyCdp": "https://10.17.149.36:9060/",
    "baseUrlExpense": "https://10.17.149.36:9060/",
    "baseUrlDocker": "https://10.17.149.36:9060/",
    "baseUrlSdatt": "https://10.17.149.36:9060/",
    "baseUrlCar": "https://10.17.149.36:9060/",
    "baseUrlPlane": "https://10.17.149.36:9060/",
    "baseUrlActive": "https://10.17.149.36:9060/",
    "baseUrlReport": "https://10.17.149.36:9060/",
    "baseUrlSmartBuyPay": "https://10.17.149.36:9060/",
    "invUrl": "https://jver.midea.com/",
    "tenantId": "156914750821761024",
    "passMAS": false,
    "multiLogin": [],
    "suppliers": [
      "didi",
      "ht-hotel",
      "ctrip-hotel",
      "clyh-hotel",
      "meiya-flight",
      "clyh-flight"
    ]
  },
  "ofilmProEnvForIOS": {
    "appName": "欧菲管家",
    "isHybridApp": true,
    "hybridAppPlatform": "meixinBase",
    "menuConfig": "ofilmMenu",
    "unablePushMsg": [
      "ios"
    ],
    "identifier": "com.midea.msd.meijiebao.ofilm",
    "baseUrl": "https://wf.o-film.com:44337/",
    "baseUrlCdp": "https://wf.o-film.com:44337/",
    "smartBuyCdp": "https://wf.o-film.com:44337/",
    "baseUrlExpense": "https://wf.o-film.com:44337/",
    "baseUrlDocker": "https://wf.o-film.com:44337/",
    "baseUrlSdatt": "https://wf.o-film.com:44337/",
    "baseUrlCar": "https://wf.o-film.com:44337/",
    "baseUrlPlane": "https://wf.o-film.com:44337/",
    "baseUrlActive": "https://wf.o-film.com:44337/",
    "baseUrlReport": "https://wf.o-film.com:44337/",
    "baseUrlSmartBuyPay": "https://wf.o-film.com:44337/",
    "invUrl": "https://jver.midea.com/",
    "tenantId": "156914750821761024",
    "passMAS": false,
    "multiLogin": [],
    "suppliers": [
      "didi",
      "ht-hotel",
      "ctrip-hotel",
      "clyh-hotel",
      "meiya-flight",
      "clyh-flight"
    ],
    "packageCfg": {
      "publish": "ofilmTest"
    }
  },
  "ofilmProEnv": {
    "appName": "欧菲管家",
    "isHybridApp": true,
    "hybridAppPlatform": "meixinBase",
    "menuConfig": "ofilmMenu",
    "unablePushMsg": [
      "ios"
    ],
    "identifier": "com.midea.msd.meijiebao.ofilm",
    "baseUrl": "https://wf.o-film.com:44337/",
    "baseUrlCdp": "https://wf.o-film.com:44337/",
    "smartBuyCdp": "https://wf.o-film.com:44337/",
    "baseUrlExpense": "https://wf.o-film.com:44337/",
    "baseUrlDocker": "https://wf.o-film.com:44337/",
    "baseUrlSdatt": "https://wf.o-film.com:44337/",
    "baseUrlCar": "https://wf.o-film.com:44337/",
    "baseUrlPlane": "https://wf.o-film.com:44337/",
    "baseUrlActive": "https://wf.o-film.com:44337/",
    "baseUrlReport": "https://wf.o-film.com:44337/",
    "baseUrlSmartBuyPay": "https://wf.o-film.com:44337/",
    "invUrl": "https://jver.midea.com/",
    "tenantId": "156914750821761024",
    "passMAS": false,
    "multiLogin": [],
    "suppliers": [
      "didi",
      "ht-hotel",
      "ctrip-hotel",
      "clyh-hotel",
      "meiya-flight",
      "clyh-flight"
    ],
    "packageCfg": {
      "publish": "ofilm"
    }
  },
  "ofilmSitEnv": {
    "appName": "欧菲管家",
    "subName": "(SIT环境)",
    "isHybridApp": false,
    "hybridAppPlatform": "meixinBase",
    "hasAdvancedSetting": true,
    "menuConfig": "ofilmMenu",
    "unablePushMsg": [
      "ios"
    ],
    "identifier": "com.midea.msd.meijiebao.ofilm",
    "baseUrl": "http://192.168.120.12:9060/",
    "baseUrlCdp": "http://192.168.120.12:9060/",
    "smartBuyCdp": "http://192.168.120.12:9060/",
    "baseUrlExpense": "http://192.168.120.12:9060/",
    "baseUrlDocker": "http://192.168.120.12:9060/",
    "baseUrlSdatt": "http://192.168.120.12:9060/",
    "baseUrlCar": "http://192.168.120.12:9060/",
    "baseUrlPlane": "http://192.168.120.12:9060/",
    "baseUrlActive": "http://192.168.120.12:9060/",
    "baseUrlReport": "http://192.168.120.12:9060/",
    "baseUrlSmartBuyPay": "http://192.168.120.12:9060/",
    "invUrl": "https://jver.midea.com/",
    "tenantId": "156914750821761024",
    "passMAS": false,
    "multiLogin": [],
    "suppliers": [
      "didi",
      "ht-hotel",
      "ctrip-hotel",
      "clyh-hotel",
      "meiya-flight",
      "clyh-flight"
    ],
    "packageCfg": {
      "publish": "ofilmTest"
    }
  },
  "BAS": {
    "isHybridApp": false,
    "baseUrl": "https://10.17.149.32:9060/",
    "baseUrlCdp": "https://10.17.149.32:9060/",
    "baseUrlDocker": "https://10.17.149.32:9060/",
    "baseUrlExpense": "https://10.17.149.32:9060/",
    "baseUrlSdatt": "https://10.17.149.32:9060/",
    "invUrl": "https://jver.midea.com/",
    "tenantId": "156914750821761024",
    "multiLogin": []
  },
  "testEnv": {
    "isHybridApp": false,
    "baseUrl": "https://172.16.7.193:9080/",
    "baseUrlCdp": "https://172.16.7.193:9080/",
    "smartBuyCdp": "https://jtest.midea.com:9040/",
    "baseUrlExpense": "http://10.16.86.207:8082/",
    "baseUrlDocker": "https://172.16.7.193:9080/",
    "baseUrlSdatt": "https://172.16.7.193:9080/",
    "baseUrlCar": "https://jtest.midea.com:9040/",
    "baseUrlPlane": "https://jtest.midea.com:9040/",
    "baseUrlActive": "https://jtest.midea.com:9040/",
    "tenantId": "156914750821761024",
    "smartBuyTenantId": "143616744011111111",
    "baseUrlReport": "http://10.16.80.190:8081/",
    "invUrl": "https://jver.midea.com/",
    "extModuleNameList": [
      "didi",
      "flight",
      "htHotel"
    ],
    "extModulePathList": [
      "com.midea.msd.myzsbusinessCar",
      "com.midea.msd.newReimbursingTicketVerify",
      "com.midea.msd.businessHotel"
    ],
    "multiLogin": [
      "vehicle-dd-web",
      "smart-buy-center-web"
    ]
  },
  "sitEnvForBizTrip": {
    "isHybridApp": false,
    "hasAdvancedSetting": true,
    "menuConfig": "devMenu",
    "baseUrl": "https://172.16.7.193:9080/",
    "baseUrlCdp": "https://172.16.7.193:9080/",
    "smartBuyCdp": "http://10.16.90.69:6001/",
    "baseUrlExpense": "http://10.16.86.207:8082/",
    "baseUrlDocker": "https://172.16.7.193:9080/",
    "baseUrlSdatt": "https://172.16.7.193:9080/",
    "baseUrlCar": "http://10.16.90.69:7004/",
    "baseUrlPlane": "http://10.16.90.70:7005/",
    "tenantId": "156914750821761024",
    "smartBuyTenantId": "73564705712504832",
    "extModuleNameList": [
      "didi",
      "flight",
      "htHotel"
    ],
    "extModulePathList": [
      "com.midea.msd.myzsbusinessCar",
      "com.midea.msd.newReimbursingTicketVerify",
      "com.midea.msd.businessHotel"
    ],
    "multiLogin": [
      "vehicle-dd-web",
      "smart-buy-center-web"
    ]
  },
  "uatEnvForBizTrip": {
    "isHybridApp": false,
    "baseUrl": "http://emsnewuat.midea.com:9080/",
    "baseUrlCdp": "http://emsnewuat.midea.com:9080/",
    "smartBuyCdp": "https://jver.midea.com:9060/",
    "baseUrlExpense": "http://emsnewuat.midea.com:9080/",
    "baseUrlDocker": "http://emsnewuat.midea.com:9080/",
    "baseUrlSdatt": "http://emsnewuat.midea.com:9080/",
    "baseUrlCar": "https://jver.midea.com:9060/",
    "baseUrlPlane": "https://jver.midea.com:9060/",
    "tenantId": "156914750821761024",
    "smartBuyTenantId": "73564705712504832",
    "extModuleNameList": [
      "didi",
      "flight",
      "htHotel"
    ],
    "extModulePathList": [
      "com.midea.msd.myzsbusinessCar",
      "com.midea.msd.newReimbursingTicketVerify",
      "com.midea.msd.businessHotel"
    ],
    "multiLogin": [
      "vehicle-dd-web",
      "smart-buy-center-web"
    ]
  },
  "meixinSitNoMasEnv": {
    "baseUrl": "https://172.16.7.193:9080/",
    "baseUrlCdp": "https://172.16.7.193:9080/",
    "smartBuyCdp": "http://10.16.90.69:6001/",
    "baseUrlExpense": "http://10.16.86.207:8082/",
    "baseUrlDocker": "https://172.16.7.193:9080/",
    "baseUrlSdatt": "https://172.16.7.193:9080/",
    "baseUrlCar": "http://10.16.90.69:7004/",
    "baseUrlPlane": "http://10.16.90.70:7005/",
    "baseUrlActive": "http://10.24.66.172:6005/",
    "baseUrlReport": "https://172.16.7.193:9080/",
    "invUrl": "https://jver.midea.com/",
    "tenantId": "156914750821761024",
    "smartBuyTenantId": "73564705712504832",
    "passMAS": false,
    "extModuleNameList": [
      "didi",
      "flight",
      "htHotel"
    ],
    "extModulePathList": [
      "com.midea.msd.myzsbusinessCar",
      "com.midea.msd.newReimbursingTicketVerify",
      "com.midea.msd.businessHotel"
    ],
    "multiLogin": [
      "vehicle-dd-web",
      "smart-buy-center-web"
    ]
  },
  "uatEnv": {
    "isHybridApp": false,
    "baseUrl": "http://10.17.149.117:9080/",
    "baseUrlCdp": "http://10.17.149.117:9080/",
    "smartBuyCdp": "https://jtest.midea.com:9040/",
    "baseUrlExpense": "http://10.17.149.117:9080/",
    "baseUrlDocker": "http://10.17.149.117:9080/",
    "baseUrlReport": "http://10.17.149.117:9080/",
    "invUrl": "https://jver.midea.com/",
    "baseUrlSdatt": "http://10.17.149.117:9080/",
    "baseUrlCar": "https://jtest.midea.com:9040/",
    "baseUrlPlane": "https://jtest.midea.com:9040/",
    "tenantId": "156914750821761024",
    "smartBuyTenantId": "143616744011111111",
    "extModuleNameList": [
      "didi",
      "flight",
      "htHotel"
    ],
    "extModulePathList": [
      "com.midea.msd.myzsbusinessCar",
      "com.midea.msd.newReimbursingTicketVerify",
      "com.midea.msd.businessHotel"
    ],
    "multiLogin": [
      "vehicle-dd-web",
      "smart-buy-center-web"
    ]
  },
  "MeixinProEnv": {
    "baseUrlCdp": "https://mapnew.midea.com/mas-api/restful/mjbLogin/",
    "baseUrlExpense": "https://mapnew.midea.com/mas-api/restful/myzssitexpense/",
    "baseUrlDocker": "https://mapnew.midea.com/mas-api/restful/myzssitjbdocker/",
    "baseUrlSdatt": "https://mapnew.midea.com/mas-api/restful/myzssitsdatt/",
    "baseUrlActive": "https://mapnew.midea.com/mas-api/restful/myzsactive/",
    "tenantId": "73564705712504832",
    "passMAS": true,
    "ssoTokenName": "midea_sso_token",
    "masUrl": "https://mapnew.midea.com/"
  },
  "meixinMyzsProEnv": {
    "hybridAppPlatform": "meixin",
    "baseUrl": "http://emsnewuat.midea.com:9080/",
    "baseUrlCdp": "https://mapnew.midea.com/mas-api/restful/myzsmjbLogin/",
    "smartBuyCdp": "https://mapnew.midea.com/mas-api/restful/mjbLogin/",
    "baseUrlExpense": "https://mapnew.midea.com/mas-api/restful/myzsmjbExpense/",
    "baseUrlDocker": "https://mapnew.midea.com/mas-api/restful/myzsmjbJbdocker/",
    "baseUrlSdatt": "https://mapnew.midea.com/mas-api/restful/myzsmjbSdatt/",
    "baseUrlActive": "https://mapnew.midea.com/mas-api/restful/myzsactive/",
    "baseUrlCar": "https://mapnew.midea.com/mas-api/restful/bizCar/",
    "baseUrlPlane": "https://mapnew.midea.com/mas-api/restful/bizticket/",
    "baseUrlReport": "https://mapnew.midea.com/mas-api/restful/myzsreport/",
    "invUrl": "https://mapnew.midea.com/mas-api/restful/invVrf/",
    "masUrl": "https://mapnew.midea.com/",
    "passMAS": true,
    "ssoTokenName": "midea_sso_token",
    "extModuleNameList": [
      "didi",
      "flight",
      "htHotel"
    ],
    "extModulePathList": [
      "com.midea.msd.businessCar",
      "com.midea.msd.newReimbursingTicket",
      "com.midea.msd.businessHotel"
    ],
    "multiLogin": [
      "bizCar",
      "bizticket",
      "myzsactive"
    ],
    "tenantId": "156914750821761024",
    "smartBuyTenantId": "73564705712504832",
    "packageCfg": {
      "publish": "meixin"
    }
  },
  "meixinSitEnv": {
    "hybridAppPlatform": "meixin",
    "baseUrl": "https://172.16.7.193:9080/",
    "baseUrlCdp": "https://newimtest.midea.com/mas-api/restful/myzssitlogin/",
    "smartBuyCdp": "https://newimtest.midea.com/mas-api/restful/myzsVerLogin/",
    "baseUrlExpense": "https://newimtest.midea.com/mas-api/restful/myzssitexpense/",
    "baseUrlDocker": "https://newimtest.midea.com/mas-api/restful/myzssitjbdocker/",
    "baseUrlSdatt": "https://newimtest.midea.com/mas-api/restful/myzssitsdatt/",
    "baseUrlCar": "https://newimtest.midea.com/mas-api/restful/myzssitBizCar/",
    "baseUrlPlane": "https://newimtest.midea.com/mas-api/restful/myzssitBizPlane/",
    "baseUrlActive": "https://newimtest.midea.com/mas-api/restful/jyxsveractive/",
    "baseUrlReport": "https://newimtest.midea.com/mas-api/restful/myzsuatreport/",
    "invUrl": "https://newimtest.midea.com/mas-api/restful/invVrf/",
    "tenantId": "156914750821761024",
    "smartBuyTenantId": "73564705712504832",
    "passMAS": true,
    "ssoTokenName": "mideatest_sso_token",
    "masUrl": "https://newimtest.midea.com/",
    "extModuleNameList": [
      "didi",
      "flight",
      "htHotel"
    ],
    "extModulePathList": [
      "com.midea.msd.myzsbusinessCar",
      "com.midea.msd.newReimbursingTicketVerify",
      "com.midea.msd.businessHotel"
    ],
    "multiLogin": [
      "myzssitBizCar",
      "myzssitBizPlane"
    ],
    "packageCfg": {
      "publish": "meixinTest"
    }
  },
  "meixinUATDEVEnv": {
    "isHybridApp": false,
    "menuConfig": "mideaMenu",
    "appName": "美捷报",
    "subName": "(美的UAT DEV环境)",
    "hybridAppPlatform": "",
    "hasAdvancedSetting": true,
    "baseUrl": "http://emsnewuat.midea.com:9080/",
    "baseUrlCdp": "http://emsnewuat.midea.com:9080/",
    "smartBuyCdp": "https://jver.midea.com:9060/",
    "baseUrlExpense": "http://emsnewuat.midea.com:9080/",
    "baseUrlDocker": "http://emsnewuat.midea.com:9080/",
    "baseUrlSdatt": "http://emsnewuat.midea.com:9080/",
    "baseUrlCar": "https://jver.midea.com:9060/",
    "baseUrlPlane": "https://jver.midea.com:9060/",
    "baseUrlActive": "http://emsnewuat.midea.com:9080/",
    "baseUrlReport": "http://emsnewuat.midea.com:9080/",
    "invUrl": "https://jver.midea.com/",
    "tenantId": "156914750821761024",
    "smartBuyTenantId": "73564705712504832",
    "passMAS": false,
    "multiLogin": [
      "vehicle-dd-web",
      "smart-buy-center-web"
    ],
    "extModuleNameList": [
      "didi",
      "flight",
      "htHotel"
    ],
    "extModulePathList": [
      "com.midea.msd.myzsbusinessCar",
      "com.midea.msd.newReimbursingTicketVerify",
      "com.midea.msd.businessHotel"
    ]
  },
  "meixinUATEnv": {
    "hybridAppPlatform": "meixin",
    "menuConfig": "mideaMenu",
    "identifier": "com.midea.msd.meijiebaouat",
    "baseUrl": "http://emsnewuat.midea.com:9080/",
    "baseUrlCdp": "https://newimtest.midea.com/mas-api/restful/myzsuatlogin/",
    "smartBuyCdp": "https://newimtest.midea.com/mas-api/restful/myzsVerLogin/",
    "baseUrlExpense": "https://newimtest.midea.com/mas-api/restful/myzsuatexpense/",
    "baseUrlDocker": "https://newimtest.midea.com/mas-api/restful/myzsuatjbdocker/",
    "baseUrlSdatt": "https://newimtest.midea.com/mas-api/restful/myzsuatsdatt/",
    "baseUrlCar": "https://newimtest.midea.com/mas-api/restful/myzssitBizCar/",
    "baseUrlPlane": "https://newimtest.midea.com/mas-api/restful/myzssitBizPlane/",
    "baseUrlActive": "https://newimtest.midea.com/mas-api/restful/jyxsveractive/",
    "baseUrlReport": "https://newimtest.midea.com/mas-api/restful/myzsuatreport/",
    "invUrl": "https://newimtest.midea.com/mas-api/restful/invVrf/",
    "tenantId": "156914750821761024",
    "smartBuyTenantId": "73564705712504832",
    "passMAS": true,
    "ssoTokenName": "mideatest_sso_token",
    "masUrl": "https://newimtest.midea.com/",
    "extModuleNameList": [
      "didi",
      "flight",
      "htHotel"
    ],
    "extModulePathList": [
      "com.midea.msd.myzsbusinessCar",
      "com.midea.msd.newReimbursingTicketVerify",
      "com.midea.msd.businessHotel"
    ],
    "multiLogin": [
      "myzssitBizCar",
      "myzssitBizPlane"
    ],
    "packageCfg": {
      "publish": "meixinUat"
    }
  },
  "xsMeixinEnv": {
    "baseUrlCdp": "https://newimtest.midea.com/mas-api/restful/jyxsverlogin/",
    "baseUrlExpense": "https://newimtest.midea.com/mas-api/restful/myzssitexpense/",
    "baseUrlDocker": "https://newimtest.midea.com/mas-api/restful/myzssitjbdocker/",
    "baseUrlSdatt": "https://newimtest.midea.com/mas-api/restful/myzssitsdatt/",
    "baseUrlActive": "https://newimtest.midea.com/mas-api/restful/jyxsveractive/",
    "tenantId": "158041399298621440",
    "passMAS": true,
    "ssoTokenName": "mideatest_sso_token",
    "masUrl": "https://newimtest.midea.com/"
  },
  "wechatEnv": {
    "isHybridApp": false,
    "baseUrl": "https://jtest.midea.com:9040/",
    "baseUrlCdp": "https://jtest.midea.com:9040/",
    "baseUrlExpense": "https://jtest.midea.com:9040/",
    "baseUrlDocker": "https://jtest.midea.com:9040/",
    "baseUrlReport": "https://jtest.midea.com:9040/",
    "invUrl": "https://jver.midea.com/",
    "baseUrlSdatt": "https://jtest.midea.com:9040/",
    "baseUrlCar": "https://jtest.midea.com:9040/",
    "tenantId": "143616744011111111",
    "appid": "wx1deaa225db7d8ad5",
    "wechatScope": "snsapi_userinfo",
    "wechatAgentid": "1000004",
    "wechatState": "jiebao"
  },
  "verifyEnv": {},
  "productEnv": {},
  "reportTest1": {
    "isHybridApp": false,
    "baseUrl": "https://jtest.midea.com:9040/",
    "baseUrlCdp": "https://jtest.midea.com:9040/",
    "baseUrlExpense": "https://jtest.midea.com:9040/",
    "baseUrlDocker": "https://jtest.midea.com:9040/",
    "baseUrlReport": "https://jtest.midea.com:9040/",
    "invUrl": "https://jver.midea.com/",
    "baseUrlSdatt": "https://jtest.midea.com:9040/",
    "baseUrlCar": "https://jtest.midea.com:9040/",
    "baseUrlPlane": "https://jtest.midea.com:9040/",
    "baseUrlActive": "https://jtest.midea.com:9040/",
    "tenantId": "143616744011111111"
  },
  "mideaProEnv": {
    "isHybridApp": false,
    "baseUrl": "https://jtest.midea.com:9040/",
    "baseUrlCdp": "https://jtest.midea.com:9040/",
    "baseUrlActive": "http://10.17.149.103/",
    "tenantId": "143616744011111111"
  },
  "cvteUAT": {
    "isHybridApp": false,
    "baseUrl": "https://fee-uat.cvte.com/",
    "baseUrlCdp": "https://fee-uat.cvte.com/",
    "baseUrlExpense": "https://fee-uat.cvte.com/",
    "baseUrlDocker": "https://fee-uat.cvte.com/",
    "baseUrlReport": "https://fee-uat.cvte.com/",
    "invUrl": "https://jver.midea.com/",
    "baseUrlSdatt": "https://fee-uat.cvte.com/",
    "baseUrlCar": "https://fee-uat.cvte.com/",
    "tenantId": "14361689999841160"
  },
  "yangoSit": {
    "isHybridApp": false,
    "subName": "(yango-sit)",
    "hybridAppPlatform": "yango",
    "hasAdvancedSetting": true,
    "baseUrl": "https://fee-sit.yango.com.cn:4433/",
    "baseUrlCdp": "https://fee-sit.yango.com.cn:4433/",
    "baseUrlDocker": "https://fee-sit.yango.com.cn:4433/",
    "baseUrlExpense": "https://fee-sit.yango.com.cn:4433/",
    "baseUrlSdatt": "https://fee-sit.yango.com.cn:4433/",
    "invUrl": "https://jver.midea.com/",
    "tenantId": "156914750821761024",
    "multiLogin": [],
    "packageCfg": {
      "theme": "yangoTheme",
      "publish": "yango"
    }
  },
  "yangoSitForMeixinBase": {
    "isHybridApp": true,
    "subName": "(yango-sit)",
    "hybridAppPlatform": "meixinBase",
    "hasAdvancedSetting": true,
    "baseUrl": "https://fee-sit.yango.com.cn:4433/",
    "baseUrlCdp": "https://fee-sit.yango.com.cn:4433/",
    "baseUrlDocker": "https://fee-sit.yango.com.cn:4433/",
    "baseUrlExpense": "https://fee-sit.yango.com.cn:4433/",
    "baseUrlSdatt": "https://fee-sit.yango.com.cn:4433/",
    "invUrl": "https://jver.midea.com/",
    "tenantId": "156914750821761024",
    "multiLogin": [],
    "packageCfg": {
      "theme": "yangoTheme",
      "publish": "yango"
    }
  },
  "yangoUat": {
    "isHybridApp": false,
    "subName": "(yango-uat)",
    "hybridAppPlatform": "yango",
    "hasAdvancedSetting": true,
    "baseUrl": "https://fsscuat.yango.com.cn/",
    "baseUrlCdp": "https://fsscuat.yango.com.cn/",
    "baseUrlDocker": "https://fsscuat.yango.com.cn/",
    "baseUrlExpense": "https://fsscuat.yango.com.cn/",
    "baseUrlSdatt": "https://fsscuat.yango.com.cn/",
    "invUrl": "https://jver.midea.com/",
    "tenantId": "156914750821761024",
    "multiLogin": [],
    "packageCfg": {
      "theme": "yangoTheme",
      "publish": "yango"
    }
  }
}
