{
  "citys": {
    "Hot": [
      {
        "text": "北京",
        "flightCityCode": "222",
        "py": "Beijing"
      },
      {
        "text": "上海",
        "flightCityCode": "111",
        "py": "ShangHai"
      },
      {
        "text": "广州",
        "flightCityCode": "CAN",
        "py": "Guangzhou"
      },
      {
        "text": "深圳",
        "flightCityCode": "SZX",
        "py": "Shenzhen"
      },
      {
        "text": "天津",
        "flightCityCode": "TSN",
        "py": "Tianjin"
      },
      {
        "text": "重庆",
        "flightCityCode": "CKG",
        "py": "Chongqing"
      },
      {
        "text": "大连",
        "flightCityCode": "DLC",
        "py": "Dalian"
      },
      {
        "text": "青岛",
        "flightCityCode": "TAO",
        "py": "Qingdao"
      },
      {
        "text": "西安",
        "flightCityCode": "XIY",
        "py": "Xian"
      },
      {
        "text": "南京",
        "flightCityCode": "NKG",
        "py": "Nanjing"
      },
      {
        "text": "苏州",
        "flightCityCode": "SZV",
        "py": "Suzhou"
      }
    ],
    "All": {
      "A": [
        {
          "text": "阿尔山",
          "flightCityCode": "YIE",
          "py": "AErShan"
        },
        {
          "text": "阿克苏",
          "flightCityCode": "AKU",
          "py": "Akesu"
        },
        {
          "text": "阿勒泰",
          "flightCityCode": "AAT",
          "py": "Aletai"
        },
        {
          "text": "阿里",
          "flightCityCode": "NGQ",
          "py": "ALi"
        },
        {
          "text": "安康",
          "flightCityCode": "AKA",
          "py": "Ankan"
        },
        {
          "text": "安庆",
          "flightCityCode": "AQG",
          "py": "Anqing"
        },
        {
          "text": "安顺",
          "flightCityCode": "AVA",
          "py": "Anshun"
        },
        {
          "text": "鞍山",
          "flightCityCode": "AOG",
          "py": "Anshan"
        },
        {
          "text": "阿拉善左旗",
          "flightCityCode": "AXF",
          "py": "ALASHANZUOQI"
        },
        {
          "text": "阿拉善右旗",
          "flightCityCode": "RHT",
          "py": "ALASHANYOUQI"
        }
      ],
      "B": [
        {
          "text": "巴彦淖尔",
          "flightCityCode": "RLK",
          "py": "BaYanZhuoEr"
        },
        {
          "text": "百色",
          "flightCityCode": "AEB",
          "py": "Baise"
        },
        {
          "text": "蚌埠",
          "flightCityCode": "BFU",
          "py": "Bengbu"
        },
        {
          "text": "包头",
          "flightCityCode": "BAV",
          "py": "Baotou"
        },
        {
          "text": "保山",
          "flightCityCode": "BSD",
          "py": "Baoshan"
        },
        {
          "text": "北海",
          "flightCityCode": "BHY",
          "py": "Beihai"
        },
        {
          "text": "北京",
          "flightCityCode": "222",
          "py": "Beijing"
        },
        {
          "text": "北京(首都)",
          "flightCityCode": "PEK",
          "py": "BeiJingCapital"
        },
        {
          "text": "北京(南苑)",
          "flightCityCode": "NAY",
          "py": "BeiJingNanYuan"
        },
        {
          "text": "博乐",
          "flightCityCode": "BPL",
          "py": "BoLe"
        },
        {
          "text": "毕节",
          "flightCityCode": "BFJ",
          "py": "BiJie"
        }
      ],
      "C": [
        {
          "text": "昌都",
          "flightCityCode": "BPX",
          "py": "Chandu"
        },
        {
          "text": "长白山",
          "flightCityCode": "NBS",
          "py": "Changbaishan"
        },
        {
          "text": "长春",
          "flightCityCode": "CGQ",
          "py": "Changchun"
        },
        {
          "text": "长沙",
          "flightCityCode": "CSX",
          "py": "Changsha"
        },
        {
          "text": "长治",
          "flightCityCode": "CIH",
          "py": "Changzhi"
        },
        {
          "text": "常德",
          "flightCityCode": "CGD",
          "py": "Changde"
        },
        {
          "text": "常州",
          "flightCityCode": "CZX",
          "py": "Changzhou"
        },
        {
          "text": "朝阳",
          "flightCityCode": "CHG",
          "py": "Chaoyang"
        },
        {
          "text": "成都",
          "flightCityCode": "CTU",
          "py": "Chengdu"
        },
        {
          "text": "赤峰",
          "flightCityCode": "CIF",
          "py": "Chifeng"
        },
        {
          "text": "重庆",
          "flightCityCode": "CKG",
          "py": "Chongqing"
        },
        {
          "text": "池州",
          "flightCityCode": "JUH",
          "py": "ChiZhou"
        },
        {
          "text": "河池",
          "flightCityCode": "HCJ",
          "py": "HeChi"
        },
        {
          "text": "潮州",
          "flightCityCode": "SWA",
          "py": "Chaozhou"
        }
      ],
      "D": [
        {
          "text": "达县",
          "flightCityCode": "DAX",
          "py": "Daxian"
        },
        {
          "text": "大理",
          "flightCityCode": "DLU",
          "py": "Dali"
        },
        {
          "text": "大连",
          "flightCityCode": "DLC",
          "py": "Dalian"
        },
        {
          "text": "大庆",
          "flightCityCode": "DQA",
          "py": "Daqing"
        },
        {
          "text": "大同",
          "flightCityCode": "DAT",
          "py": "Datong"
        },
        {
          "text": "丹东",
          "flightCityCode": "DDG",
          "py": "Dandong"
        },
        {
          "text": "德宏",
          "flightCityCode": "LUM",
          "py": "Dehongmangshi"
        },
        {
          "text": "迪庆香格里拉",
          "flightCityCode": "DIG",
          "py": "Diqingxianggelila"
        },
        {
          "text": "东营",
          "flightCityCode": "DOY",
          "py": "Dongying"
        },
        {
          "text": "敦煌",
          "flightCityCode": "DNH",
          "py": "Dunhuang"
        },
        {
          "text": "稻城亚丁",
          "flightCityCode": "DCY",
          "py": "DaoChengYaDing"
        }
      ],
      "E": [
        {
          "text": "鄂尔多斯",
          "flightCityCode": "DSN",
          "py": "Eerduosi"
        },
        {
          "text": "恩施",
          "flightCityCode": "ENH",
          "py": "Enshi"
        },
        {
          "text": "二连浩特",
          "flightCityCode": "ERL",
          "py": "ErLianHaoTe"
        }
      ],
      "F": [
        {
          "text": "佛山",
          "flightCityCode": "FUO",
          "py": "Foshan"
        },
        {
          "text": "福州",
          "flightCityCode": "FOC",
          "py": "Fuzhou"
        },
        {
          "text": "阜阳",
          "flightCityCode": "FUG",
          "py": "Fuyang"
        },
        {
          "text": "富蕴",
          "flightCityCode": "FYN",
          "py": "Fuyun"
        },
        {
          "text": "抚远",
          "flightCityCode": "FYJ",
          "py": "Fuyuan"
        }
      ],
      "G": [
        {
          "text": "赣州",
          "flightCityCode": "KOW",
          "py": "Ganzhou"
        },
        {
          "text": "格尔木",
          "flightCityCode": "GOQ",
          "py": "Geermu"
        },
        {
          "text": "固原",
          "flightCityCode": "GYU",
          "py": "Guyan"
        },
        {
          "text": "光化",
          "flightCityCode": "LHK",
          "py": "GuangHua"
        },
        {
          "text": "广汉",
          "flightCityCode": "GHN",
          "py": "Guanghan"
        },
        {
          "text": "广元",
          "flightCityCode": "GYS",
          "py": "Guangyuan"
        },
        {
          "text": "广州",
          "flightCityCode": "CAN",
          "py": "Guangzhou"
        },
        {
          "text": "贵阳",
          "flightCityCode": "KWE",
          "py": "Guiyang"
        },
        {
          "text": "桂林",
          "flightCityCode": "KWL",
          "py": "Guilin"
        },
        {
          "text": "果洛",
          "flightCityCode": "GMQ",
          "py": "GuoLuo"
        }
      ],
      "H": [
        {
          "text": "哈尔滨",
          "flightCityCode": "HRB",
          "py": "Haerbing"
        },
        {
          "text": "哈密",
          "flightCityCode": "HMI",
          "py": "Hami"
        },
        {
          "text": "海口",
          "flightCityCode": "HAK",
          "py": "Haikou"
        },
        {
          "text": "海拉尔",
          "flightCityCode": "HLD",
          "py": "Hailaer"
        },
        {
          "text": "邯郸",
          "flightCityCode": "HDG",
          "py": "Handan"
        },
        {
          "text": "汉中",
          "flightCityCode": "HZG",
          "py": "Hanzhong"
        },
        {
          "text": "杭州",
          "flightCityCode": "HGH",
          "py": "Hangzhou"
        },
        {
          "text": "合肥",
          "flightCityCode": "HFE",
          "py": "Hefei"
        },
        {
          "text": "和田",
          "flightCityCode": "HTN",
          "py": "Hetian"
        },
        {
          "text": "黑河",
          "flightCityCode": "HEK",
          "py": "Heihe"
        },
        {
          "text": "衡阳",
          "flightCityCode": "HNY",
          "py": "Hengyang"
        },
        {
          "text": "呼和浩特",
          "flightCityCode": "HET",
          "py": "Huhehaote"
        },
        {
          "text": "怀化(芷江)",
          "flightCityCode": "HJJ",
          "py": "Huaihua"
        },
        {
          "text": "淮安",
          "flightCityCode": "HIA",
          "py": "HuaiAn"
        },
        {
          "text": "黄山",
          "flightCityCode": "TXN",
          "py": "Huangshan"
        },
        {
          "text": "黄岩(台州)",
          "flightCityCode": "HYN",
          "py": "Huangyan"
        },
        {
          "text": "德令哈",
          "flightCityCode": "HXD",
          "py": "DeLingHa"
        },
        {
          "text": "惠州",
          "flightCityCode": "HUZ",
          "py": "HUIZHOU"
        },
        {
          "text": "花土沟",
          "flightCityCode": "HTT",
          "py": "HuaTuGou"
        }
      ],
      "I": null,
      "J": [
        {
          "text": "鸡西",
          "flightCityCode": "JXA",
          "py": "JiXi"
        },
        {
          "text": "吉林",
          "flightCityCode": "JIL",
          "py": "Jilin"
        },
        {
          "text": "济南",
          "flightCityCode": "TNA",
          "py": "Jinan"
        },
        {
          "text": "济宁",
          "flightCityCode": "JNG",
          "py": "Jining"
        },
        {
          "text": "加格达奇",
          "flightCityCode": "JGD",
          "py": "JiaGeDaQi"
        },
        {
          "text": "佳木斯",
          "flightCityCode": "JMU",
          "py": "Jiamusi"
        },
        {
          "text": "嘉峪关",
          "flightCityCode": "JGN",
          "py": "Jiayuguan"
        },
        {
          "text": "金昌",
          "flightCityCode": "JIC",
          "py": "Jinchang"
        },
        {
          "text": "锦州",
          "flightCityCode": "JNZ",
          "py": "Jingzhou"
        },
        {
          "text": "晋江",
          "flightCityCode": "JJN",
          "py": "Jinjiang"
        },
        {
          "text": "井冈山",
          "flightCityCode": "JGS",
          "py": "Jingangshan"
        },
        {
          "text": "景德镇",
          "flightCityCode": "JDZ",
          "py": "Jingdezheng"
        },
        {
          "text": "景洪(西双版纳)",
          "flightCityCode": "JHG",
          "py": "Jinghong"
        },
        {
          "text": "九江",
          "flightCityCode": "JIU",
          "py": "Jiujiang"
        },
        {
          "text": "九寨沟",
          "flightCityCode": "JZH",
          "py": "Jiuzaigou"
        },
        {
          "text": "酒泉",
          "flightCityCode": "CHW",
          "py": "Jiuquan"
        },
        {
          "text": "揭阳潮汕",
          "flightCityCode": "SWA",
          "py": "jieyangchaoshan"
        }
      ],
      "K": [
        {
          "text": "喀什",
          "flightCityCode": "KHG",
          "py": "Kashi"
        },
        {
          "text": "康定",
          "flightCityCode": "KGT",
          "py": "Kangding"
        },
        {
          "text": "克拉玛依",
          "flightCityCode": "KRY",
          "py": "Kelamayi"
        },
        {
          "text": "库车",
          "flightCityCode": "KCA",
          "py": "Kuche"
        },
        {
          "text": "昆明",
          "flightCityCode": "KMG",
          "py": "Kunming"
        },
        {
          "text": "喀纳斯",
          "flightCityCode": "KJI",
          "py": "Kanas"
        },
        {
          "text": "凯里",
          "flightCityCode": "KJH",
          "py": "KAILI"
        }
      ],
      "L": [
        {
          "text": "库尔勒",
          "flightCityCode": "KRL",
          "py": "Luerle"
        },
        {
          "text": "拉萨",
          "flightCityCode": "LXA",
          "py": "Lasa"
        },
        {
          "text": "兰州",
          "flightCityCode": "LHW",
          "py": "Lanzhou"
        },
        {
          "text": "黎平",
          "flightCityCode": "HZH",
          "py": "Lipin"
        },
        {
          "text": "丽江",
          "flightCityCode": "LJG",
          "py": "Lijiang"
        },
        {
          "text": "荔波",
          "flightCityCode": "LLB",
          "py": "Libo"
        },
        {
          "text": "连城",
          "flightCityCode": "LCX",
          "py": "Liancheng"
        },
        {
          "text": "连云港",
          "flightCityCode": "LYG",
          "py": "Lianyungang"
        },
        {
          "text": "梁平",
          "flightCityCode": "LIA",
          "py": "Liangpin"
        },
        {
          "text": "林西",
          "flightCityCode": "LXI",
          "py": "LinXi"
        },
        {
          "text": "林芝",
          "flightCityCode": "LZY",
          "py": "Linzhi"
        },
        {
          "text": "临沧",
          "flightCityCode": "LNJ",
          "py": "Lincang"
        },
        {
          "text": "临沂",
          "flightCityCode": "LYI",
          "py": "Linyi"
        },
        {
          "text": "零凌(永州)",
          "flightCityCode": "LLF",
          "py": "Lingling"
        },
        {
          "text": "柳州",
          "flightCityCode": "LZH",
          "py": "Liuzhou"
        },
        {
          "text": "泸州",
          "flightCityCode": "LZO",
          "py": "Luzhou"
        },
        {
          "text": "洛阳",
          "flightCityCode": "LYA",
          "py": "Luoyang"
        },
        {
          "text": "吕梁",
          "flightCityCode": "LLV",
          "py": "LVLIANG"
        },
        {
          "text": "六盘水",
          "flightCityCode": "LPF",
          "py": "LIUPANSHUI"
        },
        {
          "text": "临汾",
          "flightCityCode": "LFQ",
          "py": "LinFen"
        }
      ],
      "M": [
        {
          "text": "满洲里",
          "flightCityCode": "NZH",
          "py": "Manzhouli"
        },
        {
          "text": "梅州",
          "flightCityCode": "MXZ",
          "py": "Meixian"
        },
        {
          "text": "绵阳",
          "flightCityCode": "MIG",
          "py": "Mianyang"
        },
        {
          "text": "漠河",
          "flightCityCode": "OHE",
          "py": "Mohe"
        },
        {
          "text": "牡丹江",
          "flightCityCode": "MDG",
          "py": "Mudanjiang"
        }
      ],
      "N": [
        {
          "text": "那拉提",
          "flightCityCode": "NLT",
          "py": "Nalati"
        },
        {
          "text": "南昌",
          "flightCityCode": "KHN",
          "py": "Nanchang"
        },
        {
          "text": "南充",
          "flightCityCode": "NAO",
          "py": "Nanchong"
        },
        {
          "text": "南京",
          "flightCityCode": "NKG",
          "py": "Nanjing"
        },
        {
          "text": "南宁",
          "flightCityCode": "NNG",
          "py": "Nanning"
        },
        {
          "text": "南通",
          "flightCityCode": "NTG",
          "py": "Nantong"
        },
        {
          "text": "南阳",
          "flightCityCode": "NNY",
          "py": "Nanyang"
        },
        {
          "text": "宁波",
          "flightCityCode": "NGB",
          "py": "Ningbo"
        },
        {
          "text": "宁蒗",
          "flightCityCode": "NLH",
          "py": "Ninglang"
        }
      ],
      "O": null,
      "P": [
        {
          "text": "攀枝花",
          "flightCityCode": "PZI",
          "py": "Panzhihua"
        },
        {
          "text": "普洱",
          "flightCityCode": "SYM",
          "py": "Puer"
        }
      ],
      "Q": [
        {
          "text": "齐齐哈尔",
          "flightCityCode": "NDG",
          "py": "Qiqihaer"
        },
        {
          "text": "黔江",
          "flightCityCode": "JIQ",
          "py": "Qianjiang"
        },
        {
          "text": "且末",
          "flightCityCode": "IQM",
          "py": "Qiemo"
        },
        {
          "text": "秦皇岛",
          "flightCityCode": "SHP",
          "py": "Qinhuangdao"
        },
        {
          "text": "青岛",
          "flightCityCode": "TAO",
          "py": "Qingdao"
        },
        {
          "text": "庆阳",
          "flightCityCode": "IQN",
          "py": "Qingyang"
        },
        {
          "text": "衢州",
          "flightCityCode": "JUZ",
          "py": "Quzhou"
        }
      ],
      "R": [
        {
          "text": "日喀则",
          "flightCityCode": "RKZ",
          "py": "RiKaZe"
        },
        {
          "text": "日照",
          "flightCityCode": "RIZ",
          "py": "Rizhao"
        }
      ],
      "S": [
        {
          "text": "三亚",
          "flightCityCode": "SYX",
          "py": "Sanya"
        },
        {
          "text": "沙市",
          "flightCityCode": "SHS",
          "py": "Shashi"
        },
        {
          "text": "上海",
          "flightCityCode": "111",
          "py": "ShangHai"
        },
        {
          "text": "上海(虹桥)",
          "flightCityCode": "SHA",
          "py": "ShangHaiHongQiao"
        },
        {
          "text": "上海(浦东)",
          "flightCityCode": "PVG",
          "py": "ShangHaiPuDong"
        },
        {
          "text": "韶关",
          "flightCityCode": "SHG",
          "py": "Shaoguan"
        },
        {
          "text": "深圳",
          "flightCityCode": "SZX",
          "py": "Shenzhen"
        },
        {
          "text": "沈阳",
          "flightCityCode": "SHE",
          "py": "Shenyang"
        },
        {
          "text": "石家庄",
          "flightCityCode": "SJW",
          "py": "Shijiazhuang"
        },
        {
          "text": "思茅",
          "flightCityCode": "SYM",
          "py": "Simao"
        },
        {
          "text": "苏州",
          "flightCityCode": "SZV",
          "py": "Suzhou"
        },
        {
          "text": "神农架",
          "flightCityCode": "HPG",
          "py": "ShenNongJia"
        },
        {
          "text": "十堰",
          "flightCityCode": "WDS",
          "py": "Shiyan"
        },
        {
          "text": "汕头",
          "flightCityCode": "SWA",
          "py": "Shantou"
        },
        {
          "text": "三明(沙县)",
          "flightCityCode": "SQJ",
          "py": "Sanming"
        },
        {
          "text": "石河子",
          "flightCityCode": "SHF",
          "py": "ShiHeZi"
        }
      ],
      "T": [
        {
          "text": "塔城",
          "flightCityCode": "TCG",
          "py": "Tacheng"
        },
        {
          "text": "太原",
          "flightCityCode": "TYN",
          "py": "Taiyuan"
        },
        {
          "text": "唐山",
          "flightCityCode": "TVS",
          "py": "Tangshan"
        },
        {
          "text": "腾冲",
          "flightCityCode": "TCZ",
          "py": "Tengchong"
        },
        {
          "text": "天津",
          "flightCityCode": "TSN",
          "py": "Tianjin"
        },
        {
          "text": "天水",
          "flightCityCode": "THQ",
          "py": "TianShui"
        },
        {
          "text": "通化",
          "flightCityCode": "TNH",
          "py": "Tonghua"
        },
        {
          "text": "通辽",
          "flightCityCode": "TGO",
          "py": "Tongliao"
        },
        {
          "text": "铜仁",
          "flightCityCode": "TEN",
          "py": "Tongren"
        },
        {
          "text": "吐鲁番",
          "flightCityCode": "TLQ",
          "py": "TuLuFan"
        }
      ],
      "U": null,
      "V": null,
      "W": [
        {
          "text": "万州",
          "flightCityCode": "WXN",
          "py": "Wanzhou"
        },
        {
          "text": "威海",
          "flightCityCode": "WEH",
          "py": "Weihai"
        },
        {
          "text": "潍坊",
          "flightCityCode": "WEF",
          "py": "Weifang"
        },
        {
          "text": "温州",
          "flightCityCode": "WNZ",
          "py": "wenzhou"
        },
        {
          "text": "文山",
          "flightCityCode": "WNH",
          "py": "WenShan"
        },
        {
          "text": "乌海",
          "flightCityCode": "WUA",
          "py": "Wuhai"
        },
        {
          "text": "乌兰浩特",
          "flightCityCode": "HLH",
          "py": "Wulanhaote"
        },
        {
          "text": "乌鲁木齐",
          "flightCityCode": "URC",
          "py": "Wulumuqi"
        },
        {
          "text": "无锡",
          "flightCityCode": "WUX",
          "py": "Wuxi"
        },
        {
          "text": "梧州",
          "flightCityCode": "WUZ",
          "py": "Wuzhou"
        },
        {
          "text": "武汉",
          "flightCityCode": "WUH",
          "py": "Wuhan"
        },
        {
          "text": "武夷山",
          "flightCityCode": "WUS",
          "py": "Wuyishan"
        },
        {
          "text": "乌兰察布",
          "flightCityCode": "UCB",
          "py": "WuLanChaBu"
        }
      ],
      "X": [
        {
          "text": "西安",
          "flightCityCode": "XIY",
          "py": "Xian"
        },
        {
          "text": "西昌",
          "flightCityCode": "XIC",
          "py": "Xichang"
        },
        {
          "text": "西宁",
          "flightCityCode": "XNN",
          "py": "Xining"
        },
        {
          "text": "锡林浩特",
          "flightCityCode": "XIL",
          "py": "Xilinhaote"
        },
        {
          "text": "厦门",
          "flightCityCode": "XMN",
          "py": "Xiamen"
        },
        {
          "text": "襄阳",
          "flightCityCode": "XFN",
          "py": "Xiangfan"
        },
        {
          "text": "兴义",
          "flightCityCode": "ACX",
          "py": "Xingyi"
        },
        {
          "text": "徐州",
          "flightCityCode": "XUZ",
          "py": "Xuzhou"
        },
        {
          "text": "夏河",
          "flightCityCode": "GXH",
          "py": "XiaHe"
        },
        {
          "text": "忻州",
          "flightCityCode": "WUT",
          "py": "XinZhou"
        }
      ],
      "Y": [
        {
          "text": "烟台",
          "flightCityCode": "YNT",
          "py": "Yantai"
        },
        {
          "text": "延安",
          "flightCityCode": "ENY",
          "py": "Yanan"
        },
        {
          "text": "延吉",
          "flightCityCode": "YNJ",
          "py": "Yanji"
        },
        {
          "text": "盐城",
          "flightCityCode": "YNZ",
          "py": "Yancheng"
        },
        {
          "text": "扬州",
          "flightCityCode": "YTY",
          "py": "Yangzhou"
        },
        {
          "text": "伊春",
          "flightCityCode": "LDS",
          "py": "YiChun"
        },
        {
          "text": "伊宁",
          "flightCityCode": "YIN",
          "py": "Yili"
        },
        {
          "text": "宜宾",
          "flightCityCode": "YBP",
          "py": "Yibin"
        },
        {
          "text": "宜昌",
          "flightCityCode": "YIH",
          "py": "Yichang"
        },
        {
          "text": "宜春",
          "flightCityCode": "YIC",
          "py": "YiChun"
        },
        {
          "text": "义乌",
          "flightCityCode": "YIW",
          "py": "Yiwu"
        },
        {
          "text": "银川",
          "flightCityCode": "INC",
          "py": "Yinchuan"
        },
        {
          "text": "榆林",
          "flightCityCode": "UYN",
          "py": "Yulin"
        },
        {
          "text": "玉树",
          "flightCityCode": "YUS",
          "py": "Yushu"
        },
        {
          "text": "运城",
          "flightCityCode": "YCU",
          "py": "Yuncheng"
        },
        {
          "text": "营口",
          "flightCityCode": "YKH",
          "py": "Yingkou"
        }
      ],
      "Z": [
        {
          "text": "湛江",
          "flightCityCode": "ZHA",
          "py": "Zhanjiang"
        },
        {
          "text": "张家界",
          "flightCityCode": "DYG",
          "py": "Zhangjiajie"
        },
        {
          "text": "张家口",
          "flightCityCode": "ZQZ",
          "py": "ZhangJiaKou"
        },
        {
          "text": "张掖",
          "flightCityCode": "YZY",
          "py": "Zhangye"
        },
        {
          "text": "昭通",
          "flightCityCode": "ZAT",
          "py": "Zhaotong"
        },
        {
          "text": "郑州",
          "flightCityCode": "CGO",
          "py": "Zhengzhou"
        },
        {
          "text": "中山",
          "flightCityCode": "ZGN",
          "py": "ZhongShan"
        },
        {
          "text": "中卫",
          "flightCityCode": "ZHY",
          "py": "Zhongwei"
        },
        {
          "text": "舟山",
          "flightCityCode": "HSN",
          "py": "Zhoushan"
        },
        {
          "text": "珠海",
          "flightCityCode": "ZUH",
          "py": "Zhuhai"
        },
        {
          "text": "遵义",
          "flightCityCode": "ZYI",
          "py": "Zunyi"
        }
      ]
    },
    "resultFlag": 1,
    "resultMsg": "成功"
  }
}
