{
  "travel": {
    "name": "商旅",
    "alias": "/travel",
    "icon": "",
    "hidden": false,
    "unable": false,
    "children": {
      "didi": {
        "name": "商旅用车",
        "alias": "/travel/didi",
        "icon": "didi",
        "hidden": true,
        "unable": false
      },
      "flight": {
        "name": "机票预订",
        "alias": "/travel/plane",
        "icon": "flight",
        "hidden": false,
        "unable": false
      },
      "szzc": {
        "name": "神州专车",
        "alias": "jumpExtUrl::szzc",
        "icon": "szzc",
        "hidden": false,
        "unable": false
      },
      "htHotel": {
        "name": "惠通酒店",
        "alias": "showMxWidget::htHotel",
        "icon": "hotel",
        "hidden": false,
        "unable": false
      },
      "ctripHotel": {
        "name": "携程酒店",
        "alias": "executeFunc::ctripHotel",
        "icon": "ctripLogo",
        "hidden": false,
        "unable": false
      },
      "clyhHotel": {
        "name": "壹号酒店",
        "alias": "executeFunc::unable",
        "icon": "clyhLogo",
        "hidden": false,
        "unable": false
      },
      "didiOld": {
        "name": "旧版用车",
        "alias": "showMxWidget::didi",
        "icon": "travelTest",
        "hidden": false,
        "unable": false
      },
      "flightOld": {
        "name": "旧版机票",
        "alias": "showMxWidget::flight",
        "icon": "travelTest",
        "hidden": false,
        "unable": false
      }
    },
    "misc": {
      "bizOrder": {
        "name": "商旅订单",
        "alias": "travel/bizOrder",
        "icon": "",
        "hidden": false,
        "unable": false,
        "children": {
          "flight": {
            "name": "飞机",
            "alias": "/travel/bizOrder/plane",
            "icon": "",
            "hidden": false,
            "unable": false
          },
          "didi": {
            "name": "用车",
            "alias": "/travel/bizOrder/didi",
            "icon": "",
            "hidden": false,
            "unable": false
          },
          "hotel": {
            "name": "酒店",
            "alias": "/travel/bizOrder/hotel",
            "icon": "",
            "hidden": false,
            "unable": false
          }
        }
      }
    }
  },
  "fee": {
    "name": "费用",
    "alias": "/fee",
    "icon": "",
    "hidden": false,
    "unable": false,
    "children": {
      "myReimburse": {
        "name": "我的报销",
        "alias": "/fee/myReimburse",
        "icon": "myReimburse",
        "desc": "提交差旅、费用及借款申请，查看审批进度",
        "group": 0,
        "hidden": false,
        "unable": false,
        "children": {}
      },
      "myApply": {
        "name": "我的申请",
        "alias": "/fee/myApply",
        "icon": "myApply",
        "desc": "提交差旅、费用及借款申请，查看审批进度",
        "group": 0,
        "hidden": false,
        "unable": false,
        "children": {
          "CL": {
            "name": "差旅申请（确定行程）",
            "alias": "CL",
            "icon": "",
            "ableINT": true,
            "hidden": false,
            "unable": false
          },
          "CLX": {
            "name": "差旅申请（不定行程）",
            "alias": "CLX",
            "icon": "",
            "hidden": false,
            "unable": false
          },
          "EA": {
            "name": "其他费用申请（个人）",
            "alias": "EA",
            "icon": "",
            "hidden": false,
            "unable": false
          },
          "LM": {
            "name": "个人因公借款",
            "alias": "LM",
            "icon": "",
            "hidden": false,
            "unable": false
          }
        }
      },
      "expenseRecord": {
        "name": "消费记录",
        "alias": "",
        "icon": "expenseRecord",
        "desc": "即将上线……",
        "group": 0,
        "hidden": true,
        "unable": false,
        "children": {}
      },
      "myInvoice": {
        "name": "我的发票",
        "alias": "/fee/myInvoice",
        "icon": "myInvoice",
        "desc": "增值税发票的快速录入及真伪查验",
        "group": 0,
        "hidden": false,
        "unable": false,
        "children": {}
      },
      "approve": {
        "name": "审批",
        "alias": "/fee/approve",
        "icon": "approve",
        "desc": "条待审批事项",
        "group": 1,
        "hidden": false,
        "unable": false,
        "children": {}
      }
    }
  },
  "report": {
    "name": "报表",
    "alias": "/report",
    "icon": "",
    "hidden": false,
    "unable": false,
    "children": {}
  },
  "mine": {
    "name": "我的",
    "alias": "/mine",
    "icon": "",
    "hidden": false,
    "unable": false,
    "children": {
      "collectionTitle": {
        "name": "收款信息",
        "alias": "/mine/collectionTitle",
        "icon": "gatheringInfo",
        "group": 0,
        "hidden": false,
        "unable": false
      },
      "invoiceTitle": {
        "name": "发票抬头",
        "alias": "/mine/invoiceTitle",
        "icon": "invoiceInfo",
        "group": 0,
        "hidden": false,
        "unable": false
      },
      "travelTitle": {
        "name": "旅客信息",
        "alias": "/mine/travelTitle",
        "icon": "touristInfo",
        "group": 0,
        "hidden": false,
        "unable": false
      },
      "reimburseTitle": {
        "name": "报销基本信息",
        "alias": "/mine/reimburseTitle",
        "icon": "reimbursement",
        "group": 0,
        "hidden": false,
        "unable": false
      },
      "advancedSetting": {
        "name": "高级配置",
        "alias": "/advancedSetting",
        "icon": "setting",
        "group": 1,
        "hidden": false,
        "unable": false
      },
      "logout": {
        "name": "退出登录",
        "icon": "logout",
        "hdlFnName": "showLogout",
        "group": 1,
        "hideArrow": true,
        "hidden": false,
        "unable": false
      },
      "aboutMJB": {
        "name": "关于美捷报",
        "icon": "setting",
        "group": 2,
        "invisible": true,
        "hidden": false,
        "unable": false
      }
    }
  }
}
